{
"lengthUnit": "mil",
"components": {
	"fields": ["COMPONENT_NO", "COMPONENT_NAME", "LAYER", "X_COORDINATE", "Y_COORDINATE", "ANGLE"],
	"rows": [
		[1, " U4 Opt.", "T", 2755, 2969.24, 90],
		[2, "A1", "T", 1420, 2474.24, 0],
		[3, "A2TT1", "T", 470, 1624.24, 0],
		[4, "A3RT1", "T", 470, 2924.24, 0],
		[5, "C1", "T", 520, 74.24, 90],
		[6, "C2", "T", 1020, 74.24, 90],
		[7, "C3", "T", 1220, 74.24, 90],
		[8, "C4", "T", -30, 2224.24, 90],
		[9, "C5", "T", -30, 924.24, 90],
		[10, "D1", "T", 3370, 2424.24, 180],
		[11, "D2", "T", 1020, -225.76, 0],
		[12, "D3", "T", 1570, -225.76, 0],
		[13, "D4", "T", 2120, -225.76, 0],
		[14, "D5", "T", 2670, -225.76, 0],
		[15, "DS1", "T", 3370, 2074.24, 0],
		[16, "Extern-CAM", "T", 2340, 3099.24, 270],
		[17, "J1", "T", 20, 124.24, 270],
		[18, "J2", "T", 20, 1874.24, 270],
		[19, "M1RT1", "T", 220, 2724.24, 0],
		[20, "M2TT1", "T", 220, 1424.24, 0],
		[21, "M3", "T", 20, 2974.24, 0],
		[22, "M3", "T", 20, -325.76, 0],
		[23, "M3", "T", 3320, -325.76, 0],
		[24, "M3N1", "T", 3320, 2974.24, 0],
		[25, "Q1", "T", 3120, 324.24, 180],
		[26, "R1", "T", 3120, 2674.24, 180],
		[27, "R2", "T", 3120, 2474.24, 180],
		[28, "R3", "T", 2720, 1324.24, 0],
		[29, "R4", "T", 2720, 1874.24, 0],
		[30, "R5", "T", 2370, 174.24, 180],
		[31, "R6", "T", 2720, 874.24, 0],
		[32, "R7", "T", 3120, 2274.24, 180],
		[33, "RESET", "T", 415, 685, 270],
		[34, "SW1", "T", 3370, 724.24, 180],
		[35, "SW2", "T", 20, 624.24, 270],
		[36, "U2", "T", 670, 174.24, 270]
	]
},
"pins": {
	"fields": ["PIN_NO", "PIN_NAME", "PIN_X", "PIN_Y", "LAYER", "PIN_TYPE", "NET_NAME", "NET_TYPE", "PAD_SHAPE", "PAD_SIZEX", "PAD_SIZEY", "HOLE_SIZE", "PAD_ANGLE"],
	"rows": [
		[1, " U4 Opt._1", 2905, 2919.24, "T", "DIP", "NETU4OPT", "", "O", 60, 78.7, 39.4, 90],
		[2, " U4 Opt._1", 2905, 2919.24, "B", "DIP", "NETU4OPT", "", "O", 60, 78.7, 39.4, 90],
		[3, " U4 Opt._2", 2905, 3019.24, "T", "DIP", "GND", "GND", "O", 60, 78.7, 39.4, 90],
		[4, " U4 Opt._2", 2905, 3019.24, "B", "DIP", "GND", "GND", "O", 60, 78.7, 39.4, 90],
		[5, " U4 Opt._3", 2605, 3019.24, "T", "DIP", "CAM1", "", "O", 60, 78.7, 39.4, 90],
		[6, " U4 Opt._3", 2605, 3019.24, "B", "DIP", "CAM1", "", "O", 60, 78.7, 39.4, 90],
		[7, " U4 Opt._4", 2605, 2919.24, "T", "DIP", "CAM2", "", "O", 60, 78.7, 39.4, 90],
		[8, " U4 Opt._4", 2605, 2919.24, "B", "DIP", "CAM2", "", "O", 60, 78.7, 39.4, 90],
		[9, "A1_1", 1420, 2474.24, "T", "DIP", "NET-(A1-PAD1)", "", "R", 66.93, 66.93, 39.37, 0],
		[10, "A1_1", 1420, 2474.24, "B", "DIP", "NET-(A1-PAD1)", "", "R", 66.93, 66.93, 39.37, 0],
		[11, "A1_2", 1420, 2374.24, "T", "DIP", "NET-(A1-PAD2)", "", "C", 66.93, 66.93, 39.37, 0],
		[12, "A1_2", 1420, 2374.24, "B", "DIP", "NET-(A1-PAD2)", "", "C", 66.93, 66.93, 39.37, 0],
		[13, "A1_3", 1420, 2274.24, "T", "DIP", "NET-(A1-PAD3)", "", "C", 66.93, 66.93, 39.37, 0],
		[14, "A1_3", 1420, 2274.24, "B", "DIP", "NET-(A1-PAD3)", "", "C", 66.93, 66.93, 39.37, 0],
		[15, "A1_4", 1420, 2174.24, "T", "DIP", "NET-(A1-PAD4)", "", "C", 66.93, 66.93, 39.37, 0],
		[16, "A1_4", 1420, 2174.24, "B", "DIP", "NET-(A1-PAD4)", "", "C", 66.93, 66.93, 39.37, 0],
		[17, "A1_5", 1420, 2074.24, "T", "DIP", "/GREEN", "", "C", 66.93, 66.93, 39.37, 0],
		[18, "A1_5", 1420, 2074.24, "B", "DIP", "/GREEN", "", "C", 66.93, 66.93, 39.37, 0],
		[19, "A1_6", 1420, 1974.24, "T", "DIP", "NET-(A1-PAD6)", "", "C", 66.93, 66.93, 39.37, 0],
		[20, "A1_6", 1420, 1974.24, "B", "DIP", "NET-(A1-PAD6)", "", "C", 66.93, 66.93, 39.37, 0],
		[21, "A1_7", 1420, 1874.24, "T", "DIP", "NET-(A1-PAD7)", "", "C", 66.93, 66.93, 39.37, 0],
		[22, "A1_7", 1420, 1874.24, "B", "DIP", "NET-(A1-PAD7)", "", "C", 66.93, 66.93, 39.37, 0],
		[23, "A1_8", 1420, 1774.24, "T", "DIP", "NET-(A1-PAD8)", "", "C", 66.93, 66.93, 39.37, 0],
		[24, "A1_8", 1420, 1774.24, "B", "DIP", "NET-(A1-PAD8)", "", "C", 66.93, 66.93, 39.37, 0],
		[25, "A1_9", 1420, 1674.24, "T", "DIP", "NET-(A1-PAD9)", "", "C", 66.93, 66.93, 39.37, 0],
		[26, "A1_9", 1420, 1674.24, "B", "DIP", "NET-(A1-PAD9)", "", "C", 66.93, 66.93, 39.37, 0],
		[27, "A1_10", 1420, 1574.24, "T", "DIP", "NET-(A1-PAD10)", "", "C", 66.93, 66.93, 39.37, 0],
		[28, "A1_10", 1420, 1574.24, "B", "DIP", "NET-(A1-PAD10)", "", "C", 66.93, 66.93, 39.37, 0],
		[29, "A1_11", 1420, 1474.24, "T", "DIP", "NET-(A1-PAD11)", "", "C", 66.93, 66.93, 39.37, 0],
		[30, "A1_11", 1420, 1474.24, "B", "DIP", "NET-(A1-PAD11)", "", "C", 66.93, 66.93, 39.37, 0],
		[31, "A1_12", 1420, 1374.24, "T", "DIP", "NET-(A1-PAD12)", "", "C", 66.93, 66.93, 39.37, 0],
		[32, "A1_12", 1420, 1374.24, "B", "DIP", "NET-(A1-PAD12)", "", "C", 66.93, 66.93, 39.37, 0],
		[33, "A1_13", 1420, 1274.24, "T", "DIP", "NET-(A1-PAD13)", "", "C", 66.93, 66.93, 39.37, 0],
		[34, "A1_13", 1420, 1274.24, "B", "DIP", "NET-(A1-PAD13)", "", "C", 66.93, 66.93, 39.37, 0],
		[35, "A1_14", 1420, 1174.24, "T", "DIP", "NET-(A1-PAD14)", "", "C", 66.93, 66.93, 39.37, 0],
		[36, "A1_14", 1420, 1174.24, "B", "DIP", "NET-(A1-PAD14)", "", "C", 66.93, 66.93, 39.37, 0],
		[37, "A1_15", 1420, 1074.24, "T", "DIP", "NET-(A1-PAD15)", "", "C", 66.93, 66.93, 39.37, 0],
		[38, "A1_15", 1420, 1074.24, "B", "DIP", "NET-(A1-PAD15)", "", "C", 66.93, 66.93, 39.37, 0],
		[39, "A1_16", 1420, 974.24, "T", "DIP", "NET-(A1-PAD16)", "", "C", 66.93, 66.93, 39.37, 0],
		[40, "A1_16", 1420, 974.24, "B", "DIP", "NET-(A1-PAD16)", "", "C", 66.93, 66.93, 39.37, 0],
		[41, "A1_17", 1420, 874.24, "T", "DIP", "NET-(A1-PAD17)", "", "C", 66.93, 66.93, 39.37, 0],
		[42, "A1_17", 1420, 874.24, "B", "DIP", "NET-(A1-PAD17)", "", "C", 66.93, 66.93, 39.37, 0],
		[43, "A1_18", 1420, 774.24, "T", "DIP", "NET-(A1-PAD18)", "", "C", 66.93, 66.93, 39.37, 0],
		[44, "A1_18", 1420, 774.24, "B", "DIP", "NET-(A1-PAD18)", "", "C", 66.93, 66.93, 39.37, 0],
		[45, "A1_19", 1420, 674.24, "T", "DIP", "NET-(A1-PAD19)", "", "C", 66.93, 66.93, 39.37, 0],
		[46, "A1_19", 1420, 674.24, "B", "DIP", "NET-(A1-PAD19)", "", "C", 66.93, 66.93, 39.37, 0],
		[47, "A1_20", 2420, 2474.24, "T", "DIP", "NET-(A1-PAD20)", "", "R", 66.93, 66.93, 39.37, 0],
		[48, "A1_20", 2420, 2474.24, "B", "DIP", "NET-(A1-PAD20)", "", "R", 66.93, 66.93, 39.37, 0],
		[49, "A1_21", 2420, 2374.24, "T", "DIP", "NET-(A1-PAD21)", "", "C", 66.93, 66.93, 39.37, 0],
		[50, "A1_21", 2420, 2374.24, "B", "DIP", "NET-(A1-PAD21)", "", "C", 66.93, 66.93, 39.37, 0],
		[51, "A1_22", 2420, 2274.24, "T", "DIP", "NET-(A1-PAD22)", "", "C", 66.93, 66.93, 39.37, 0],
		[52, "A1_22", 2420, 2274.24, "B", "DIP", "NET-(A1-PAD22)", "", "C", 66.93, 66.93, 39.37, 0],
		[53, "A1_23", 2420, 2174.24, "T", "DIP", "NET-(A1-PAD23)", "", "C", 66.93, 66.93, 39.37, 0],
		[54, "A1_23", 2420, 2174.24, "B", "DIP", "NET-(A1-PAD23)", "", "C", 66.93, 66.93, 39.37, 0],
		[55, "A1_24", 2420, 2074.24, "T", "DIP", "NET-(A1-PAD24)", "", "C", 66.93, 66.93, 39.37, 0],
		[56, "A1_24", 2420, 2074.24, "B", "DIP", "NET-(A1-PAD24)", "", "C", 66.93, 66.93, 39.37, 0],
		[57, "A1_25", 2420, 1974.24, "T", "DIP", "NET-(A1-PAD25)", "", "C", 66.93, 66.93, 39.37, 0],
		[58, "A1_25", 2420, 1974.24, "B", "DIP", "NET-(A1-PAD25)", "", "C", 66.93, 66.93, 39.37, 0],
		[59, "A1_26", 2420, 1874.24, "T", "DIP", "NET-(A1-PAD26)", "", "C", 66.93, 66.93, 39.37, 0],
		[60, "A1_26", 2420, 1874.24, "B", "DIP", "NET-(A1-PAD26)", "", "C", 66.93, 66.93, 39.37, 0],
		[61, "A1_27", 2420, 1774.24, "T", "DIP", "NET-(A1-PAD27)", "", "C", 66.93, 66.93, 39.37, 0],
		[62, "A1_27", 2420, 1774.24, "B", "DIP", "NET-(A1-PAD27)", "", "C", 66.93, 66.93, 39.37, 0],
		[63, "A1_28", 2420, 1674.24, "T", "DIP", "NET-(A1-PAD28)", "", "C", 66.93, 66.93, 39.37, 0],
		[64, "A1_28", 2420, 1674.24, "B", "DIP", "NET-(A1-PAD28)", "", "C", 66.93, 66.93, 39.37, 0],
		[65, "A1_29", 2420, 1574.24, "T", "DIP", "NET-(A1-PAD29)", "", "C", 66.93, 66.93, 39.37, 0],
		[66, "A1_29", 2420, 1574.24, "B", "DIP", "NET-(A1-PAD29)", "", "C", 66.93, 66.93, 39.37, 0],
		[67, "A1_30", 2420, 1474.24, "T", "DIP", "NET-(A1-PAD30)", "", "C", 66.93, 66.93, 39.37, 0],
		[68, "A1_30", 2420, 1474.24, "B", "DIP", "NET-(A1-PAD30)", "", "C", 66.93, 66.93, 39.37, 0],
		[69, "A1_31", 2420, 1374.24, "T", "DIP", "NET-(A1-PAD31)", "", "C", 66.93, 66.93, 39.37, 0],
		[70, "A1_31", 2420, 1374.24, "B", "DIP", "NET-(A1-PAD31)", "", "C", 66.93, 66.93, 39.37, 0],
		[71, "A1_32", 2420, 1274.24, "T", "DIP", "NET-(A1-PAD32)", "", "C", 66.93, 66.93, 39.37, 0],
		[72, "A1_32", 2420, 1274.24, "B", "DIP", "NET-(A1-PAD32)", "", "C", 66.93, 66.93, 39.37, 0],
		[73, "A1_33", 2420, 1174.24, "T", "DIP", "NET-(A1-PAD33)", "", "C", 66.93, 66.93, 39.37, 0],
		[74, "A1_33", 2420, 1174.24, "B", "DIP", "NET-(A1-PAD33)", "", "C", 66.93, 66.93, 39.37, 0],
		[75, "A1_34", 2420, 1074.24, "T", "DIP", "NET-(A1-PAD34)", "", "C", 66.93, 66.93, 39.37, 0],
		[76, "A1_34", 2420, 1074.24, "B", "DIP", "NET-(A1-PAD34)", "", "C", 66.93, 66.93, 39.37, 0],
		[77, "A1_35", 2420, 974.24, "T", "DIP", "NET-(A1-PAD35)", "", "C", 66.93, 66.93, 39.37, 0],
		[78, "A1_35", 2420, 974.24, "B", "DIP", "NET-(A1-PAD35)", "", "C", 66.93, 66.93, 39.37, 0],
		[79, "A1_36", 2420, 874.24, "T", "DIP", "NET-(A1-PAD36)", "", "C", 66.93, 66.93, 39.37, 0],
		[80, "A1_36", 2420, 874.24, "B", "DIP", "NET-(A1-PAD36)", "", "C", 66.93, 66.93, 39.37, 0],
		[81, "A1_37", 2420, 774.24, "T", "DIP", "NET-(A1-PAD37)", "", "C", 66.93, 66.93, 39.37, 0],
		[82, "A1_37", 2420, 774.24, "B", "DIP", "NET-(A1-PAD37)", "", "C", 66.93, 66.93, 39.37, 0],
		[83, "A1_38", 2420, 674.24, "T", "DIP", "NET-(A1-PAD38)", "", "C", 66.93, 66.93, 39.37, 0],
		[84, "A1_38", 2420, 674.24, "B", "DIP", "NET-(A1-PAD38)", "", "C", 66.93, 66.93, 39.37, 0],
		[85, "A2TT1_1", 470, 1624.24, "T", "DIP", "GND", "GND", "R", 62.99, 62.99, 31.5, 0],
		[86, "A2TT1_1", 470, 1624.24, "B", "DIP", "GND", "GND", "R", 62.99, 62.99, 31.5, 0],
		[87, "A2TT1_2", 470, 1524.24, "T", "DIP", "+5V", "", "C", 62.99, 62.99, 31.5, 0],
		[88, "A2TT1_2", 470, 1524.24, "B", "DIP", "+5V", "", "C", 62.99, 62.99, 31.5, 0],
		[89, "A2TT1_3", 470, 1424.24, "T", "DIP", "NET-(A2TT1-PAD3)", "", "C", 62.99, 62.99, 31.5, 0],
		[90, "A2TT1_3", 470, 1424.24, "B", "DIP", "NET-(A2TT1-PAD3)", "", "C", 62.99, 62.99, 31.5, 0],
		[91, "A2TT1_4", 470, 1324.24, "T", "DIP", "NET-(A2TT1-PAD4)", "", "C", 62.99, 62.99, 31.5, 0],
		[92, "A2TT1_4", 470, 1324.24, "B", "DIP", "NET-(A2TT1-PAD4)", "", "C", 62.99, 62.99, 31.5, 0],
		[93, "A2TT1_5", 470, 1224.24, "T", "DIP", "NET-(A2TT1-PAD5)", "", "C", 62.99, 62.99, 31.5, 0],
		[94, "A2TT1_5", 470, 1224.24, "B", "DIP", "NET-(A2TT1-PAD5)", "", "C", 62.99, 62.99, 31.5, 0],
		[95, "A2TT1_6", 470, 1124.24, "T", "DIP", "NET-(A2TT1-PAD6)", "", "C", 62.99, 62.99, 31.5, 0],
		[96, "A2TT1_6", 470, 1124.24, "B", "DIP", "NET-(A2TT1-PAD6)", "", "C", 62.99, 62.99, 31.5, 0],
		[97, "A2TT1_7", 470, 1024.24, "T", "DIP", "GND", "GND", "C", 62.99, 62.99, 31.5, 0],
		[98, "A2TT1_7", 470, 1024.24, "B", "DIP", "GND", "GND", "C", 62.99, 62.99, 31.5, 0],
		[99, "A2TT1_8", 470, 924.24, "T", "DIP", "+12V", "", "C", 62.99, 62.99, 31.5, 0],
		[100, "A2TT1_8", 470, 924.24, "B", "DIP", "+12V", "", "C", 62.99, 62.99, 31.5, 0],
		[101, "A2TT1_9", 970, 924.24, "T", "DIP", "NET-(A1-PAD10)", "", "C", 62.99, 62.99, 31.5, 0],
		[102, "A2TT1_9", 970, 924.24, "B", "DIP", "NET-(A1-PAD10)", "", "C", 62.99, 62.99, 31.5, 0],
		[103, "A2TT1_10", 970, 1024.24, "T", "DIP", "+5V", "", "C", 62.99, 62.99, 31.5, 0],
		[104, "A2TT1_10", 970, 1024.24, "B", "DIP", "+5V", "", "C", 62.99, 62.99, 31.5, 0],
		[105, "A2TT1_11", 970, 1124.24, "T", "DIP", "+5V", "", "C", 62.99, 62.99, 31.5, 0],
		[106, "A2TT1_11", 970, 1124.24, "B", "DIP", "+5V", "", "C", 62.99, 62.99, 31.5, 0],
		[107, "A2TT1_12", 970, 1224.24, "T", "DIP", "+5V", "", "C", 62.99, 62.99, 31.5, 0],
		[108, "A2TT1_12", 970, 1224.24, "B", "DIP", "+5V", "", "C", 62.99, 62.99, 31.5, 0],
		[109, "A2TT1_13", 970, 1324.24, "T", "DIP", "NET-(A2TT1-PAD13)", "", "C", 62.99, 62.99, 31.5, 0],
		[110, "A2TT1_13", 970, 1324.24, "B", "DIP", "NET-(A2TT1-PAD13)", "", "C", 62.99, 62.99, 31.5, 0],
		[111, "A2TT1_14", 970, 1424.24, "T", "DIP", "NET-(A2TT1-PAD13)", "", "C", 62.99, 62.99, 31.5, 0],
		[112, "A2TT1_14", 970, 1424.24, "B", "DIP", "NET-(A2TT1-PAD13)", "", "C", 62.99, 62.99, 31.5, 0],
		[113, "A2TT1_15", 970, 1524.24, "T", "DIP", "NET-(A1-PAD27)", "", "C", 62.99, 62.99, 31.5, 0],
		[114, "A2TT1_15", 970, 1524.24, "B", "DIP", "NET-(A1-PAD27)", "", "C", 62.99, 62.99, 31.5, 0],
		[115, "A2TT1_16", 970, 1624.24, "T", "DIP", "NET-(A1-PAD12)", "", "C", 62.99, 62.99, 31.5, 0],
		[116, "A2TT1_16", 970, 1624.24, "B", "DIP", "NET-(A1-PAD12)", "", "C", 62.99, 62.99, 31.5, 0],
		[117, "A3RT1_1", 470, 2924.24, "T", "DIP", "GND", "GND", "R", 62.99, 62.99, 31.5, 0],
		[118, "A3RT1_1", 470, 2924.24, "B", "DIP", "GND", "GND", "R", 62.99, 62.99, 31.5, 0],
		[119, "A3RT1_2", 470, 2824.24, "T", "DIP", "+5V", "", "C", 62.99, 62.99, 31.5, 0],
		[120, "A3RT1_2", 470, 2824.24, "B", "DIP", "+5V", "", "C", 62.99, 62.99, 31.5, 0],
		[121, "A3RT1_3", 470, 2724.24, "T", "DIP", "NET-(A3RT1-PAD3)", "", "C", 62.99, 62.99, 31.5, 0],
		[122, "A3RT1_3", 470, 2724.24, "B", "DIP", "NET-(A3RT1-PAD3)", "", "C", 62.99, 62.99, 31.5, 0],
		[123, "A3RT1_4", 470, 2624.24, "T", "DIP", "NET-(A3RT1-PAD4)", "", "C", 62.99, 62.99, 31.5, 0],
		[124, "A3RT1_4", 470, 2624.24, "B", "DIP", "NET-(A3RT1-PAD4)", "", "C", 62.99, 62.99, 31.5, 0],
		[125, "A3RT1_5", 470, 2524.24, "T", "DIP", "NET-(A3RT1-PAD5)", "", "C", 62.99, 62.99, 31.5, 0],
		[126, "A3RT1_5", 470, 2524.24, "B", "DIP", "NET-(A3RT1-PAD5)", "", "C", 62.99, 62.99, 31.5, 0],
		[127, "A3RT1_6", 470, 2424.24, "T", "DIP", "NET-(A3RT1-PAD6)", "", "C", 62.99, 62.99, 31.5, 0],
		[128, "A3RT1_6", 470, 2424.24, "B", "DIP", "NET-(A3RT1-PAD6)", "", "C", 62.99, 62.99, 31.5, 0],
		[129, "A3RT1_7", 470, 2324.24, "T", "DIP", "GND", "GND", "C", 62.99, 62.99, 31.5, 0],
		[130, "A3RT1_7", 470, 2324.24, "B", "DIP", "GND", "GND", "C", 62.99, 62.99, 31.5, 0],
		[131, "A3RT1_8", 470, 2224.24, "T", "DIP", "+12V", "", "C", 62.99, 62.99, 31.5, 0],
		[132, "A3RT1_8", 470, 2224.24, "B", "DIP", "+12V", "", "C", 62.99, 62.99, 31.5, 0],
		[133, "A3RT1_9", 970, 2224.24, "T", "DIP", "NET-(A1-PAD11)", "", "C", 62.99, 62.99, 31.5, 0],
		[134, "A3RT1_9", 970, 2224.24, "B", "DIP", "NET-(A1-PAD11)", "", "C", 62.99, 62.99, 31.5, 0],
		[135, "A3RT1_10", 970, 2324.24, "T", "DIP", "+5V", "", "C", 62.99, 62.99, 31.5, 0],
		[136, "A3RT1_10", 970, 2324.24, "B", "DIP", "+5V", "", "C", 62.99, 62.99, 31.5, 0],
		[137, "A3RT1_11", 970, 2424.24, "T", "DIP", "+5V", "", "C", 62.99, 62.99, 31.5, 0],
		[138, "A3RT1_11", 970, 2424.24, "B", "DIP", "+5V", "", "C", 62.99, 62.99, 31.5, 0],
		[139, "A3RT1_12", 970, 2524.24, "T", "DIP", "+5V", "", "C", 62.99, 62.99, 31.5, 0],
		[140, "A3RT1_12", 970, 2524.24, "B", "DIP", "+5V", "", "C", 62.99, 62.99, 31.5, 0],
		[141, "A3RT1_13", 970, 2624.24, "T", "DIP", "NET-(A3RT1-PAD13)", "", "C", 62.99, 62.99, 31.5, 0],
		[142, "A3RT1_13", 970, 2624.24, "B", "DIP", "NET-(A3RT1-PAD13)", "", "C", 62.99, 62.99, 31.5, 0],
		[143, "A3RT1_14", 970, 2724.24, "T", "DIP", "NET-(A3RT1-PAD13)", "", "C", 62.99, 62.99, 31.5, 0],
		[144, "A3RT1_14", 970, 2724.24, "B", "DIP", "NET-(A3RT1-PAD13)", "", "C", 62.99, 62.99, 31.5, 0],
		[145, "A3RT1_15", 970, 2824.24, "T", "DIP", "NET-(A1-PAD9)", "", "C", 62.99, 62.99, 31.5, 0],
		[146, "A3RT1_15", 970, 2824.24, "B", "DIP", "NET-(A1-PAD9)", "", "C", 62.99, 62.99, 31.5, 0],
		[147, "A3RT1_16", 970, 2924.24, "T", "DIP", "NET-(A1-PAD8)", "", "C", 62.99, 62.99, 31.5, 0],
		[148, "A3RT1_16", 970, 2924.24, "B", "DIP", "NET-(A1-PAD8)", "", "C", 62.99, 62.99, 31.5, 0],
		[149, "C1_1", 520, 74.24, "T", "DIP", "+12V", "", "R", 47.24, 47.24, 23.62, 90],
		[150, "C1_1", 520, 74.24, "B", "DIP", "+12V", "", "R", 47.24, 47.24, 23.62, 90],
		[151, "C1_2", 520, 152.98, "T", "DIP", "GND", "GND", "C", 47.24, 47.24, 23.62, 90],
		[152, "C1_2", 520, 152.98, "B", "DIP", "GND", "GND", "C", 47.24, 47.24, 23.62, 90],
		[153, "C2_1", 1020, 74.24, "T", "DIP", "+5V", "", "R", 62.99, 62.99, 31.5, 90],
		[154, "C2_1", 1020, 74.24, "B", "DIP", "+5V", "", "R", 62.99, 62.99, 31.5, 90],
		[155, "C2_2", 1020, 172.67, "T", "DIP", "GND", "GND", "C", 62.99, 62.99, 31.5, 90],
		[156, "C2_2", 1020, 172.67, "B", "DIP", "GND", "GND", "C", 62.99, 62.99, 31.5, 90],
		[157, "C3_1", 1220, 74.24, "T", "DIP", "+5V", "", "C", 62.99, 62.99, 31.5, 90],
		[158, "C3_1", 1220, 74.24, "B", "DIP", "+5V", "", "C", 62.99, 62.99, 31.5, 90],
		[159, "C3_2", 1220, 172.67, "T", "DIP", "GND", "GND", "C", 62.99, 62.99, 31.5, 90],
		[160, "C3_2", 1220, 172.67, "B", "DIP", "GND", "GND", "C", 62.99, 62.99, 31.5, 90],
		[161, "C4_1", -30, 2224.24, "T", "DIP", "+12V", "", "R", 62.99, 62.99, 31.5, 90],
		[162, "C4_1", -30, 2224.24, "B", "DIP", "+12V", "", "R", 62.99, 62.99, 31.5, 90],
		[163, "C4_2", -30, 2322.67, "T", "DIP", "GND", "GND", "C", 62.99, 62.99, 31.5, 90],
		[164, "C4_2", -30, 2322.67, "B", "DIP", "GND", "GND", "C", 62.99, 62.99, 31.5, 90],
		[165, "C5_1", -30, 924.24, "T", "DIP", "+12V", "", "R", 62.99, 62.99, 31.5, 90],
		[166, "C5_1", -30, 924.24, "B", "DIP", "+12V", "", "R", 62.99, 62.99, 31.5, 90],
		[167, "C5_2", -30, 1022.67, "T", "DIP", "GND", "GND", "C", 62.99, 62.99, 31.5, 90],
		[168, "C5_2", -30, 1022.67, "B", "DIP", "GND", "GND", "C", 62.99, 62.99, 31.5, 90],
		[169, "D1_1", 3370, 2424.24, "T", "DIP", "/GREEN", "", "R", 66.93, 66.93, 39.37, 180],
		[170, "D1_1", 3370, 2424.24, "B", "DIP", "/GREEN", "", "R", 66.93, 66.93, 39.37, 180],
		[171, "D1_2", 3370, 2524.24, "T", "DIP", "/RED", "", "C", 66.93, 66.93, 39.37, 180],
		[172, "D1_2", 3370, 2524.24, "B", "DIP", "/RED", "", "C", 66.93, 66.93, 39.37, 180],
		[173, "D1_3", 3370, 2624.24, "T", "DIP", "NET-(D1-PAD3)", "", "C", 66.93, 66.93, 39.37, 180],
		[174, "D1_3", 3370, 2624.24, "B", "DIP", "NET-(D1-PAD3)", "", "C", 66.93, 66.93, 39.37, 180],
		[175, "D2_1", 1020, -225.76, "T", "DIP", "NET-(D2-PAD1)", "", "R", 118.11, 118.11, 59.84, 0],
		[176, "D2_1", 1020, -225.76, "B", "DIP", "NET-(D2-PAD1)", "", "R", 118.11, 118.11, 59.84, 0],
		[177, "D2_2", 1220, -225.76, "T", "DIP", "+12V", "", "C", 118.11, 118.11, 59.84, 0],
		[178, "D2_2", 1220, -225.76, "B", "DIP", "+12V", "", "C", 118.11, 118.11, 59.84, 0],
		[179, "D3_1", 1570, -225.76, "T", "DIP", "NET-(D2-PAD1)", "", "R", 118.11, 118.11, 59.84, 0],
		[180, "D3_1", 1570, -225.76, "B", "DIP", "NET-(D2-PAD1)", "", "R", 118.11, 118.11, 59.84, 0],
		[181, "D3_2", 1770, -225.76, "T", "DIP", "+12V", "", "C", 118.11, 118.11, 59.84, 0],
		[182, "D3_2", 1770, -225.76, "B", "DIP", "+12V", "", "C", 118.11, 118.11, 59.84, 0],
		[183, "D4_1", 2120, -225.76, "T", "DIP", "NET-(D2-PAD1)", "", "R", 118.11, 118.11, 59.84, 0],
		[184, "D4_1", 2120, -225.76, "B", "DIP", "NET-(D2-PAD1)", "", "R", 118.11, 118.11, 59.84, 0],
		[185, "D4_2", 2320, -225.76, "T", "DIP", "+12V", "", "C", 118.11, 118.11, 59.84, 0],
		[186, "D4_2", 2320, -225.76, "B", "DIP", "+12V", "", "C", 118.11, 118.11, 59.84, 0],
		[187, "D5_1", 2670, -225.76, "T", "DIP", "NET-(D2-PAD1)", "", "R", 118.11, 118.11, 59.84, 0],
		[188, "D5_1", 2670, -225.76, "B", "DIP", "NET-(D2-PAD1)", "", "R", 118.11, 118.11, 59.84, 0],
		[189, "D5_2", 2870, -225.76, "T", "DIP", "+12V", "", "C", 118.11, 118.11, 59.84, 0],
		[190, "D5_2", 2870, -225.76, "B", "DIP", "+12V", "", "C", 118.11, 118.11, 59.84, 0],
		[191, "DS1_1", 3370, 2074.24, "T", "DIP", "NET-(A1-PAD24)", "", "R", 66.93, 66.93, 39.37, 0],
		[192, "DS1_1", 3370, 2074.24, "B", "DIP", "NET-(A1-PAD24)", "", "R", 66.93, 66.93, 39.37, 0],
		[193, "DS1_2", 3370, 1974.24, "T", "DIP", "NET-(A1-PAD31)", "", "C", 66.93, 66.93, 39.37, 0],
		[194, "DS1_2", 3370, 1974.24, "B", "DIP", "NET-(A1-PAD31)", "", "C", 66.93, 66.93, 39.37, 0],
		[195, "DS1_3", 3370, 1874.24, "T", "DIP", "NET-(A1-PAD28)", "", "C", 66.93, 66.93, 39.37, 0],
		[196, "DS1_3", 3370, 1874.24, "B", "DIP", "NET-(A1-PAD28)", "", "C", 66.93, 66.93, 39.37, 0],
		[197, "DS1_4", 3370, 1774.24, "T", "DIP", "NET-(A1-PAD29)", "", "C", 66.93, 66.93, 39.37, 0],
		[198, "DS1_4", 3370, 1774.24, "B", "DIP", "NET-(A1-PAD29)", "", "C", 66.93, 66.93, 39.37, 0],
		[199, "DS1_5", 3370, 1674.24, "T", "DIP", "NET-(A1-PAD30)", "", "C", 66.93, 66.93, 39.37, 0],
		[200, "DS1_5", 3370, 1674.24, "B", "DIP", "NET-(A1-PAD30)", "", "C", 66.93, 66.93, 39.37, 0],
		[201, "DS1_6", 3370, 1574.24, "T", "DIP", "NET-(A1-PAD38)", "", "C", 66.93, 66.93, 39.37, 0],
		[202, "DS1_6", 3370, 1574.24, "B", "DIP", "NET-(A1-PAD38)", "", "C", 66.93, 66.93, 39.37, 0],
		[203, "DS1_7", 3370, 1474.24, "T", "DIP", "NET-(DS1-PAD7)", "", "C", 66.93, 66.93, 39.37, 0],
		[204, "DS1_7", 3370, 1474.24, "B", "DIP", "NET-(DS1-PAD7)", "", "C", 66.93, 66.93, 39.37, 0],
		[205, "DS1_8", 3370, 1374.24, "T", "DIP", "NET-(A1-PAD25)", "", "C", 66.93, 66.93, 39.37, 0],
		[206, "DS1_8", 3370, 1374.24, "B", "DIP", "NET-(A1-PAD25)", "", "C", 66.93, 66.93, 39.37, 0],
		[207, "Extern-CAM_1", 2340, 3099.24, "T", "DIP", "CAM1", "", "R", 66.93, 66.93, 39.37, 270],
		[208, "Extern-CAM_1", 2340, 3099.24, "B", "DIP", "CAM1", "", "R", 66.93, 66.93, 39.37, 270],
		[209, "Extern-CAM_2", 2240, 3099.24, "T", "DIP", "CAM2", "", "C", 66.93, 66.93, 39.37, 270],
		[210, "Extern-CAM_2", 2240, 3099.24, "B", "DIP", "CAM2", "", "C", 66.93, 66.93, 39.37, 270],
		[211, "J1_1", 20, 124.24, "T", "DIP", "NET-(J1-PAD1)", "", "R", 118.11, 118.11, 59.84, 270],
		[212, "J1_1", 20, 124.24, "B", "DIP", "NET-(J1-PAD1)", "", "R", 118.11, 118.11, 59.84, 270],
		[213, "J1_2", 20, -75.76, "T", "DIP", "GND", "GND", "C", 118.11, 118.11, 59.84, 270],
		[214, "J1_2", 20, -75.76, "B", "DIP", "GND", "GND", "C", 118.11, 118.11, 59.84, 270],
		[215, "J2_1", 20, 1874.24, "T", "DIP", "+5V", "", "R", 118.11, 118.11, 59.84, 270],
		[216, "J2_1", 20, 1874.24, "B", "DIP", "+5V", "", "R", 118.11, 118.11, 59.84, 270],
		[217, "J2_2", 20, 1674.24, "T", "DIP", "GND", "GND", "C", 118.11, 118.11, 59.84, 270],
		[218, "J2_2", 20, 1674.24, "B", "DIP", "GND", "GND", "C", 118.11, 118.11, 59.84, 270],
		[219, "M1RT1_1", 220, 2724.24, "T", "DIP", "NET-(A3RT1-PAD3)", "", "R", 66.93, 66.93, 39.37, 0],
		[220, "M1RT1_1", 220, 2724.24, "B", "DIP", "NET-(A3RT1-PAD3)", "", "R", 66.93, 66.93, 39.37, 0],
		[221, "M1RT1_2", 220, 2624.24, "T", "DIP", "NET-(A3RT1-PAD4)", "", "C", 66.93, 66.93, 39.37, 0],
		[222, "M1RT1_2", 220, 2624.24, "B", "DIP", "NET-(A3RT1-PAD4)", "", "C", 66.93, 66.93, 39.37, 0],
		[223, "M1RT1_3", 220, 2524.24, "T", "DIP", "NET-(A3RT1-PAD5)", "", "C", 66.93, 66.93, 39.37, 0],
		[224, "M1RT1_3", 220, 2524.24, "B", "DIP", "NET-(A3RT1-PAD5)", "", "C", 66.93, 66.93, 39.37, 0],
		[225, "M1RT1_4", 220, 2424.24, "T", "DIP", "NET-(A3RT1-PAD6)", "", "C", 66.93, 66.93, 39.37, 0],
		[226, "M1RT1_4", 220, 2424.24, "B", "DIP", "NET-(A3RT1-PAD6)", "", "C", 66.93, 66.93, 39.37, 0],
		[227, "M2TT1_1", 220, 1424.24, "T", "DIP", "NET-(A2TT1-PAD3)", "", "R", 66.93, 66.93, 39.37, 0],
		[228, "M2TT1_1", 220, 1424.24, "B", "DIP", "NET-(A2TT1-PAD3)", "", "R", 66.93, 66.93, 39.37, 0],
		[229, "M2TT1_2", 220, 1324.24, "T", "DIP", "NET-(A2TT1-PAD4)", "", "C", 66.93, 66.93, 39.37, 0],
		[230, "M2TT1_2", 220, 1324.24, "B", "DIP", "NET-(A2TT1-PAD4)", "", "C", 66.93, 66.93, 39.37, 0],
		[231, "M2TT1_3", 220, 1224.24, "T", "DIP", "NET-(A2TT1-PAD5)", "", "C", 66.93, 66.93, 39.37, 0],
		[232, "M2TT1_3", 220, 1224.24, "B", "DIP", "NET-(A2TT1-PAD5)", "", "C", 66.93, 66.93, 39.37, 0],
		[233, "M2TT1_4", 220, 1124.24, "T", "DIP", "NET-(A2TT1-PAD6)", "", "C", 66.93, 66.93, 39.37, 0],
		[234, "M2TT1_4", 220, 1124.24, "B", "DIP", "NET-(A2TT1-PAD6)", "", "C", 66.93, 66.93, 39.37, 0],
		[235, "M3_999", 20, 2974.24, "T", "DIP", "M3_", "", "C", 125.98, 125.98, 125.98, 0],
		[236, "M3_999", 20, 2974.24, "B", "DIP", "M3_", "", "C", 125.98, 125.98, 125.98, 0],
		[237, "M3_999", 20, -325.76, "T", "DIP", "M3_A_", "", "C", 125.98, 125.98, 125.98, 0],
		[238, "M3_999", 20, -325.76, "B", "DIP", "M3_A_", "", "C", 125.98, 125.98, 125.98, 0],
		[239, "M3_999", 3320, -325.76, "T", "DIP", "M3_B_", "", "C", 125.98, 125.98, 125.98, 0],
		[240, "M3_999", 3320, -325.76, "B", "DIP", "M3_B_", "", "C", 125.98, 125.98, 125.98, 0],
		[241, "M3N1_999", 3320, 2974.24, "T", "DIP", "M3N1_", "", "C", 125.98, 125.98, 125.98, 0],
		[242, "M3N1_999", 3320, 2974.24, "B", "DIP", "M3N1_", "", "C", 125.98, 125.98, 125.98, 0],
		[243, "Q1_1", 3120, 324.24, "T", "DIP", "NET-(Q1-PAD1)", "", "R", 75, 78.74, 43.31, 180],
		[244, "Q1_1", 3120, 324.24, "B", "DIP", "NET-(Q1-PAD1)", "", "R", 75, 78.74, 43.31, 180],
		[245, "Q1_2", 3020, 324.24, "T", "DIP", "NET-(D2-PAD1)", "", "O", 75, 78.74, 43.31, 180],
		[246, "Q1_2", 3020, 324.24, "B", "DIP", "NET-(D2-PAD1)", "", "O", 75, 78.74, 43.31, 180],
		[247, "Q1_3", 2920, 324.24, "T", "DIP", "GND", "GND", "O", 75, 78.74, 43.31, 180],
		[248, "Q1_3", 2920, 324.24, "B", "DIP", "GND", "GND", "O", 75, 78.74, 43.31, 180],
		[249, "R1_1", 3120, 2674.24, "T", "DIP", "NET-(D1-PAD3)", "", "C", 62.99, 62.99, 31.5, 180],
		[250, "R1_1", 3120, 2674.24, "B", "DIP", "NET-(D1-PAD3)", "", "C", 62.99, 62.99, 31.5, 180],
		[251, "R1_2", 2720, 2674.24, "T", "DIP", "NET-(A1-PAD19)", "", "C", 62.99, 62.99, 31.5, 180],
		[252, "R1_2", 2720, 2674.24, "B", "DIP", "NET-(A1-PAD19)", "", "C", 62.99, 62.99, 31.5, 180],
		[253, "R2_1", 3120, 2474.24, "T", "DIP", "/RED", "", "C", 62.99, 62.99, 31.5, 180],
		[254, "R2_1", 3120, 2474.24, "B", "DIP", "/RED", "", "C", 62.99, 62.99, 31.5, 180],
		[255, "R2_2", 2720, 2474.24, "T", "DIP", "NET-(A1-PAD7)", "", "C", 62.99, 62.99, 31.5, 180],
		[256, "R2_2", 2720, 2474.24, "B", "DIP", "NET-(A1-PAD7)", "", "C", 62.99, 62.99, 31.5, 180],
		[257, "R3_1", 2720, 1324.24, "T", "DIP", "NET-(A1-PAD34)", "", "C", 62.99, 62.99, 31.5, 0],
		[258, "R3_1", 2720, 1324.24, "B", "DIP", "NET-(A1-PAD34)", "", "C", 62.99, 62.99, 31.5, 0],
		[259, "R3_2", 3120, 1324.24, "T", "DIP", "NET-(A1-PAD38)", "", "C", 62.99, 62.99, 31.5, 0],
		[260, "R3_2", 3120, 1324.24, "B", "DIP", "NET-(A1-PAD38)", "", "C", 62.99, 62.99, 31.5, 0],
		[261, "R4_1", 2720, 1874.24, "T", "DIP", "NET-(A1-PAD26)", "", "C", 62.99, 62.99, 31.5, 0],
		[262, "R4_1", 2720, 1874.24, "B", "DIP", "NET-(A1-PAD26)", "", "C", 62.99, 62.99, 31.5, 0],
		[263, "R4_2", 3120, 1874.24, "T", "DIP", "NET-(DS1-PAD7)", "", "C", 62.99, 62.99, 31.5, 0],
		[264, "R4_2", 3120, 1874.24, "B", "DIP", "NET-(DS1-PAD7)", "", "C", 62.99, 62.99, 31.5, 0],
		[265, "R5_1", 2370, 174.24, "T", "DIP", "NET-(Q1-PAD1)", "", "C", 62.99, 62.99, 31.5, 180],
		[266, "R5_1", 2370, 174.24, "B", "DIP", "NET-(Q1-PAD1)", "", "C", 62.99, 62.99, 31.5, 180],
		[267, "R5_2", 1970, 174.24, "T", "DIP", "GND", "GND", "C", 62.99, 62.99, 31.5, 180],
		[268, "R5_2", 1970, 174.24, "B", "DIP", "GND", "GND", "C", 62.99, 62.99, 31.5, 180],
		[269, "R6_1", 2720, 874.24, "T", "DIP", "NET-(A1-PAD32)", "", "C", 62.99, 62.99, 31.5, 0],
		[270, "R6_1", 2720, 874.24, "B", "DIP", "NET-(A1-PAD32)", "", "C", 62.99, 62.99, 31.5, 0],
		[271, "R6_2", 3120, 874.24, "T", "DIP", "NET-(Q1-PAD1)", "", "C", 62.99, 62.99, 31.5, 0],
		[272, "R6_2", 3120, 874.24, "B", "DIP", "NET-(Q1-PAD1)", "", "C", 62.99, 62.99, 31.5, 0],
		[273, "R7_1", 3120, 2274.24, "T", "DIP", "NETU4OPT", "", "C", 62.99, 62.99, 31.5, 180],
		[274, "R7_1", 3120, 2274.24, "B", "DIP", "NETU4OPT", "", "C", 62.99, 62.99, 31.5, 180],
		[275, "R7_2", 2720, 2274.24, "T", "DIP", "NET-(A1-PAD14)", "", "C", 62.99, 62.99, 31.5, 180],
		[276, "R7_2", 2720, 2274.24, "B", "DIP", "NET-(A1-PAD14)", "", "C", 62.99, 62.99, 31.5, 180],
		[277, "RESET_1", 415, 685, "T", "DIP", "NET-(A1-PAD37)", "", "R", 66.93, 66.93, 39.37, 270],
		[278, "RESET_1", 415, 685, "B", "DIP", "NET-(A1-PAD37)", "", "R", 66.93, 66.93, 39.37, 270],
		[279, "RESET_2", 315, 685, "T", "DIP", "NET-(A1-PAD13)", "", "C", 66.93, 66.93, 39.37, 270],
		[280, "RESET_2", 315, 685, "B", "DIP", "NET-(A1-PAD13)", "", "C", 66.93, 66.93, 39.37, 270],
		[281, "SW1_A", 3370, 724.24, "T", "DIP", "NET-(A1-PAD17)", "", "R", 66.93, 66.93, 39.37, 180],
		[282, "SW1_A", 3370, 724.24, "B", "DIP", "NET-(A1-PAD17)", "", "R", 66.93, 66.93, 39.37, 180],
		[283, "SW1_B", 3370, 824.24, "T", "DIP", "NET-(A1-PAD18)", "", "C", 66.93, 66.93, 39.37, 180],
		[284, "SW1_B", 3370, 824.24, "B", "DIP", "NET-(A1-PAD18)", "", "C", 66.93, 66.93, 39.37, 180],
		[285, "SW1_C", 3370, 924.24, "T", "DIP", "NET-(A1-PAD19)", "", "C", 66.93, 66.93, 39.37, 180],
		[286, "SW1_C", 3370, 924.24, "B", "DIP", "NET-(A1-PAD19)", "", "C", 66.93, 66.93, 39.37, 180],
		[287, "SW1_S1", 3370, 1024.24, "T", "DIP", "NET-(A1-PAD19)", "", "C", 66.93, 66.93, 39.37, 180],
		[288, "SW1_S1", 3370, 1024.24, "B", "DIP", "NET-(A1-PAD19)", "", "C", 66.93, 66.93, 39.37, 180],
		[289, "SW1_S2", 3370, 1124.24, "T", "DIP", "NET-(A1-PAD34)", "", "C", 66.93, 66.93, 39.37, 180],
		[290, "SW1_S2", 3370, 1124.24, "B", "DIP", "NET-(A1-PAD34)", "", "C", 66.93, 66.93, 39.37, 180],
		[291, "SW2_1", 20, 624.24, "T", "DIP", "+12V", "", "R", 118.11, 118.11, 59.84, 270],
		[292, "SW2_1", 20, 624.24, "B", "DIP", "+12V", "", "R", 118.11, 118.11, 59.84, 270],
		[293, "SW2_2", 20, 424.24, "T", "DIP", "NET-(J1-PAD1)", "", "C", 118.11, 118.11, 59.84, 270],
		[294, "SW2_2", 20, 424.24, "B", "DIP", "NET-(J1-PAD1)", "", "C", 118.11, 118.11, 59.84, 270],
		[295, "U2_1", 670, 174.24, "T", "DIP", "GND", "GND", "R", 75, 78.74, 43.31, 270],
		[296, "U2_1", 670, 174.24, "B", "DIP", "GND", "GND", "R", 75, 78.74, 43.31, 270],
		[297, "U2_2", 670, 74.24, "T", "DIP", "+5V", "", "O", 75, 78.74, 43.31, 270],
		[298, "U2_2", 670, 74.24, "B", "DIP", "+5V", "", "O", 75, 78.74, 43.31, 270],
		[299, "U2_3", 670, -25.76, "T", "DIP", "+12V", "", "O", 75, 78.74, 43.31, 270],
		[300, "U2_3", 670, -25.76, "B", "DIP", "+12V", "", "O", 75, 78.74, 43.31, 270]
	]
}
}